<?xml version="1.0" encoding="UTF-8"?>
<configuration>
    <!--
    <logger name="org.mybatis" level="INFO"/>
    -->

    <!-- 콘솔 출력 설정 -->
    <appender name="CONSOLE" class="ch.qos.logback.core.ConsoleAppender">
        <encoder>
            <!-- <pattern>%d{yyyy-MM-dd HH:mm:ss.SSS} [%thread{24}] %-5level %class{48}.%M{32}:%L{3} - %msg%n</pattern> -->
            <pattern>%d{MM-dd HH:mm:ss.SSS} [%23.23thread] [%-5level] %-48.48class:%-20.20M:%3.3L %msg%n</pattern>
            <!-- <pattern>%d{yyyy-MM-dd HH:mm:ss.SSS} [%thread] %-5level %logger{36} - %msg%n</pattern> -->
            <charset>UTF-8</charset>
        </encoder>
    </appender>

    <!-- SQL 전용 파일 로그 -->
    <appender name="SQL_FILE" class="ch.qos.logback.core.rolling.RollingFileAppender">
        <file>logs/sql.log</file>
        <rollingPolicy class="ch.qos.logback.core.rolling.TimeBasedRollingPolicy">
            <fileNamePattern>/logs/aicc-chat/sql.%d{yyyy-MM-dd}.log</fileNamePattern>
            <maxHistory>30</maxHistory>
        </rollingPolicy>
        <encoder>
            <pattern>%d{yyyy-MM-dd HH:mm:ss.SSS} [%thread] %-5level %logger{36} - %msg%n</pattern>
            <charset>UTF-8</charset>
        </encoder>
    </appender>

    <!-- 애플리케이션 전용 파일 로그 -->
    <appender name="APP_FILE" class="ch.qos.logback.core.rolling.RollingFileAppender">
        <file>logs/application.log</file>
        <rollingPolicy class="ch.qos.logback.core.rolling.TimeBasedRollingPolicy">
            <fileNamePattern>/logs/aicc-chat/application.%d{yyyy-MM-dd}.log</fileNamePattern>
            <maxHistory>30</maxHistory>
        </rollingPolicy>
        <encoder>
            <pattern>%d{yyyy-MM-dd HH:mm:ss.SSS} [%thread] %-5level %logger{36} - %msg%n</pattern>
            <charset>UTF-8</charset>
        </encoder>
    </appender>

    <!-- P6Spy SQL 로거 (실제 SQL 쿼리) -->
    <logger name="p6spy" level="INFO" additivity="false">
        <appender-ref ref="CONSOLE"/>
        <appender-ref ref="SQL_FILE"/>
    </logger>

    <!-- MyBatis Mapper SQL 로거 -->
    <logger name="aicc.chat.mapper" level="DEBUG" additivity="false">
        <appender-ref ref="CONSOLE"/>
        <appender-ref ref="SQL_FILE"/>
    </logger>

    <!-- JDBC SQL 로거 -->
    <logger name="org.springframework.jdbc.core" level="INFO" additivity="false">
        <appender-ref ref="CONSOLE"/>
        <appender-ref ref="SQL_FILE"/>
    </logger>

    <logger name="org.apache.ibatis.logging.jdbc" level="INFO" additivity="false">
        <appender-ref ref="CONSOLE"/>
    </logger>

    <!-- MyBatis 내부 로거 -->
    <logger name="org.mybatis" level="INFO" additivity="false">
        <appender-ref ref="CONSOLE"/>
        <appender-ref ref="SQL_FILE"/>
    </logger>

    <!-- 애플리케이션 로거 -->
    <logger name="aicc.chat" level="DEBUG" additivity="false">
        <appender-ref ref="CONSOLE"/>
        <appender-ref ref="APP_FILE"/>
    </logger>

    <!-- PostgreSQL 드라이버 로거 (선택사항) -->
    <logger name="org.postgresql" level="INFO" additivity="false">
        <appender-ref ref="CONSOLE"/>
        <appender-ref ref="SQL_FILE"/>
    </logger>

    <!-- HikariCP 커넥션 풀 로거 -->
    <logger name="com.zaxxer.hikari" level="INFO" additivity="false">
        <appender-ref ref="CONSOLE"/>
    </logger>

    <!-- Root 로거 -->
    <root level="INFO">
        <appender-ref ref="CONSOLE"/>
        <appender-ref ref="APP_FILE"/>
    </root>
</configuration>
